id,iranian_translators_fa,iranian_translators_en,notes_fa,notes_en,source_appendix
TR_0001,عباسعلی بخشوده,Abbasali Bakhshoudeh,,,Appendix C
TR_0002,ع‍ب‍اس‌ ق‍اس‍م‌زاده‌‌اق‍دم,Abbas Ghasemzadeh Aghdam,,,Appendix C
TR_0003,عباس کرمی‌فر,Abbas Karamifar,,,Appendix C
TR_0004,عبدالعلی براتی,Abdolali Barati,,,Appendix C
TR_0005,اب‍وال‍ف‍ض‍ل‌ م‍ی‍رب‍ه‍اء,Abolfazl Mirbaha,,,Appendix C
TR_0006,اب‍وال‍ق‍اس‍م‌ ح‍ال‍ت‌,Abolghasem Halat,,,Appendix C
TR_0007,افسانه شفیعی,Afsaneh Shafiei,,,Appendix C
TR_0008,اف‍س‍ان‍ه‌ ش‍ی‍خ‌الاس‍لام‌زاده‌,Afsaneh Sheikholeslamzadeh,,,Appendix C
TR_0009,افشین اردشیری,Afshin Ardeshiri,,,Appendix C
TR_0010,احمد اخوت,Ahmad Okhovat,,,Appendix C
TR_0011,احمدعلی قنبری,Ahmadali Ghanbari,,,Appendix C
TR_0012,احمد قاضی,Ahmad Ghazi,,,Appendix C
TR_0013,اح‍م‍د گ‍ل‍ش‍ی‍ری‌,Ahmad Golshiri,,,Appendix C
TR_0014,احمد کسایی‌پور,Ahmad Kasaeipour,,,Appendix C
TR_0015,اح‍م‍د م‍ی‍رع‍لائ‍ی‌,Ahmad Miralaei,,,Appendix C
TR_0016,آیدا عباسی,Aida Abbasi,,,Appendix C
TR_0017,آیدا کشوری,Aida Keshvari,,,Appendix C
TR_0018,آیدا پیکانی,Aida Peykani,,,Appendix C
TR_0019,اک‍ب‍ر گ‍ل‍رن‍گ,Akbar Golrang,,,Appendix C
TR_0020,اکبر حسین‌پور,Akbar Hosseinpour,,,Appendix C
TR_0021,اک‍ب‍ر م‍ی‍رم‍طه‍ر,Akbar Mirmotahar,,,Appendix C
TR_0022,اکرم کرمی,Akram Karami,,,Appendix C
TR_0023,اکرم سعیدالسادات‌منشادی,Akram Saeidolsadat Menshadi,,,Appendix C
TR_0024,ع‍لاال‍دی‍ن‌ ب‍ه‍ش‍ت‍ی‌,Alaeddin Beheshti,,,Appendix C
TR_0025,علی عبداللهی,Ali Abdollahi,جداکردن علی عبداللهی و زهرا معین‌الدینی,Separate Ali Abdollahi and Zahra Moeinoddini,Appendix C
TR_0026,ع‍ل‍ی‌ ب‍اق‍رزاده‌,Ali Bagherzadeh,جداکردن ع‍ل‍ی‍رض‍ا ح‍ی‍دری‌ و ع‍ل‍ی‌ ب‍اق‍رزاده‌,Separate Alireza Heydari and Ali Bagherzadeh,Appendix C
TR_0027,ع‍ل‍ی‌ ف‍اطم‍ی‍ان,Ali Fatemian,,,Appendix C
TR_0028,علی جعفری,Ali Jafari,,,Appendix C
TR_0029,علی کاوسی,Ali Kavousi,,,Appendix C
TR_0030,علی خسروی,Ali Khosravi,,,Appendix C
TR_0031,علی منصوری,Ali Mansouri,,,Appendix C
TR_0032,على محمدپور,Ali Mohammadpour,,,Appendix C
TR_0033,ع‍ل‍ی‌ م‍ن‍ی‍ری,Ali Moniri,جداکردن ح‍س‍ی‍ن‍ع‍ل‍ی‌ ت‍ه‍ران‍ی‌ و ع‍ل‍ی‌ م‍ن‍ی‍ری,Separate Hossein Ali Tehrani and Ali Moniri,Appendix C
TR_0034,علی‌ مصلح‌حیدرزاده,Ali Mosleh Heydarzadeh,,,Appendix C
TR_0035,علی‌اکبر خداپرست,Aliakbar Khodaparast,,,Appendix C
TR_0036,علی‌اصغر علی‌نژاد,Aliasghar Alinejad,,,Appendix C
TR_0037,علیرضا بهمنی,Alireza Bahmani,,,Appendix C
TR_0038,علیرضا اسماعیل‌پور,Alireza Esmaeilpour,,,Appendix C
TR_0039,ع‍ل‍ی‍رض‍ا ح‍ی‍دری‌,Alireza Heydari,جداکردن ع‍ل‍ی‍رض‍ا ح‍ی‍دری‌ و ع‍ل‍ی‌ ب‍اق‍رزاده‌,Separate Alireza Heydari and Ali Bagherzadeh,Appendix C
TR_0040,علیرضا یارپرور,Alireza Yarparvar,,,Appendix C
TR_0041,امان‌ا... ارغوان,Aman O. Arghavan,جداکردن هاجر شکری و امان‌ا... ارغوان,Separate Hajar Shokri and Amanollah Arghavan,Appendix C
TR_0042,امین اظهری,Amin Azhari,,,Appendix C
TR_0043,امین بهره‌مند,Amin Bahremand,,,Appendix C
TR_0044,امین دادور,Amin Dadvar,,,Appendix C
TR_0045,ام‍ی‍ر ام‍ی‍رش‍اه‍ی,Amir Amirshahi,,,Appendix C
TR_0046,امیر فلاح‌آزاد,Amir Fallahazad,,,Appendix C
TR_0047,امیر قربان‌,Amir Ghorban,,,Appendix C
TR_0048,امیراحمد کامیار,Amirahmad Kamyar,,,Appendix C
TR_0049,امیرحسین خداکرمی,Amirhossein Khodakarami,,,Appendix C
TR_0050,امیرحسین رستمی,Amirhossein Rostami,,,Appendix C
TR_0051,امیرمهدی عاطفی‌نیا,Amirmehdi Atefinia,,,Appendix C
TR_0052,امیرمحمد جوادی,Amirmohammad Javadi,,,Appendix C
TR_0053,امیررضا لطفی‌پناه,Amirreza Lotfipanah,,,Appendix C
TR_0054,امیررضا نوری‌زاده,Amirreza Nourizadeh,,,Appendix C
TR_0055,آناهیتا آذری,Anahita Azari,,,Appendix C
TR_0056,انوشه قناتیان,Anoosheh Ghanatian,,,Appendix C
TR_0057,آرا جواهری,Ara Javaheri,,,Appendix C
TR_0058,آرام وحیدی,Aram Vahidi,,,Appendix C
TR_0059,آرش‌ ح‍ج‍ازی,Arash Hejazi,,,Appendix C
TR_0060,آرش هوشنگی‌فر,Arash Houshangifar,,,Appendix C
TR_0061,آرش سرکوهی,Arash Sarkouhi,,,Appendix C
TR_0062,آرش طهماسبی,Arash Tahmasebi,,,Appendix C
TR_0063,اردش‍ی‍ر ن‍ی‍ک‍پ‍ور,Ardeshir Nikpour,,,Appendix C
TR_0064,آرزو احمی,Arezou Ahami,,,Appendix C
TR_0065,آرزو فلاحت,Arezou Falahat,جداکردن آرزو فلاحت و سهیلا دوستی,Separate Arezou Falahat and Soheila Doosti,Appendix C
TR_0066,آرزو قلی‌زاده,Arezou Gholizadeh,,,Appendix C
TR_0067,آرزو محمودیان,Arezou Mahmoudian,,,Appendix C
TR_0068,آرزو منصوری,Arezou Mansouri,,,Appendix C
TR_0069,آرزو مقدس,Arezou Moghaddas,,,Appendix C
TR_0070,آرزو نیکار,Arezou Nikar,,,Appendix C
TR_0071,آرزو رمضانی,Arezou Ramezani,,,Appendix C
TR_0072,آرین الحسینی,Arian Alhosseini,,,Appendix C
TR_0073,آرمیتا شهنازی,Armita Shahnazi,,,Appendix C
TR_0074,اصغر اندرودی,Asghar Andaroudi,,,Appendix C
TR_0075,اشکان کریمیان,Ashkan Karimian,,,Appendix C
TR_0076,عاطفه احمدی,Atefeh Ahmadi,,,Appendix C
TR_0077,عاطفه هاشمی,Atefeh Hashemi,,,Appendix C
TR_0078,عاطفه شعبانی,Atefeh Shabani,,,Appendix C
TR_0079,اطلسی خرامانی,Atlasi Kharamani,,,Appendix C
TR_0080,آیدین کبیری,Aydin Kabiri,,,Appendix C
TR_0081,آیلار کشاورز,Aylar Keshavarz,جداکردن سمیرا ستودگان و صدیقه رستمی و آیلار کشاورز,"Separate Samira Sotoudegan, Sedigheh Rostami, and Aylin Kashavarz",Appendix C
TR_0082,آزاده عباسی,Azadeh Abbasi,,,Appendix C
TR_0083,آزاده کامیار,Azadeh Kamyar,,,Appendix C
TR_0084,اعظم‌ سادات‌صالحی,Azam Sadat-Salehi,,,Appendix C
TR_0085,آذر نوری,Azar Nouri,,,Appendix C
TR_0086,آذر رض‍ائ‍ی‌,Azar Rezaei,,,Appendix C
TR_0087,باب‍ک‌ ح‍ج‍ت‌,Babak Hojjat,,,Appendix C
TR_0088,بابک تختی,Babak Takhti,,,Appendix C
TR_0089,بهار ذبیحی,Bahar Zabihi,,,Appendix C
TR_0090,بهارک‌ ثلاثی,Baharak Salasi,,,Appendix C
TR_0091,ب‍ه‍اره‌ اف‍ش‍ارن‍ژاد,Bahareh Afsharnejad,,,Appendix C
TR_0092,بهاره برج‌علیخانی,Bahareh Borjalikhani,جداکردن لیلا برج‌علیخانی و بهاره برج‌علیخانی,Separate Leila Borj-Alikhani and Bahareh Borj-Alikhani,Appendix C
TR_0093,بهاره خسروان,Bahareh Khosravan,جداکردن بهاره خسروان و محمدرضا کمره‌ای,Separate Bahareh Khosravan and Mohammadreza Kamarei,Appendix C
TR_0094,بهاره مدیحی,Bahareh Madihi,,,Appendix C
TR_0095,بهاره ملازم,Bahareh Molazem,,,Appendix C
TR_0096,بهاره تقوی‌رمضانی,Bahareh Taghavi Ramezani,,,Appendix C
TR_0097,بهاره تقی‌زاده,Bahareh Taghizadeh,,,Appendix C
TR_0098,ب‍ه‍م‍ن‌ ف‍رزان‍ه,Bahman Farzaneh,,,Appendix C
TR_0099,بهمن رستم‌آبادی,Bahman Rostamabadi,,,Appendix C
TR_0100,ب‍ه‍رام‌ ف‍دائ‍ی‍ان‌,Bahram Fadaeian,,,Appendix C
TR_0101,ب‍ه‍رام‌ ن‍ظام‌آب‍ادی‌,Bahram Nezamabadi,,,Appendix C
TR_0102,بشیر عبدالهی‌میرآبادی,Bashir Abdollahi Mirabadi,,,Appendix C
TR_0103,ب‍ه‍ن‍ام‌ دی‍ان‍ی‌,Behnam Diani,,,Appendix C
TR_0104,بهنام حاجی‌زاده,Behnam Hajizadeh,,,Appendix C
TR_0105,بهناز ولی‌پور,Behnaz Valipour,,,Appendix C
TR_0106,بهرنگ حبعلی‌موجانی,Behrang Habaali Moujani,,,Appendix C
TR_0107,بهرنگ مافی,Behrang Mafi,,,Appendix C
TR_0108,ب‍ه‍روز وح‍دت,Behrouz Vahdat,,,Appendix C
TR_0109,بیژن نامجو,Bijan Namjou,,,Appendix C
TR_0110,بیتا ابراهیمی,Bita Ebrahimi,,,Appendix C
TR_0111,کلارا کرمی,Clara Karami,,,Appendix C
TR_0112,دانیال کاملی‌رحیمی,Danial Kameli Rahimi,,,Appendix C
TR_0113,داور آل‌م‍ح‍م‍د,Davar Al-e-Mohammad,,,Appendix C
TR_0114,داوود شعبانی‌داریانی,Davoud Shabani Dariani,,,Appendix C
TR_0115,ابراهیم عامل‌محرابى,Ebrahim Amel-Mehrabi,,,Appendix C
TR_0116,اب‍راه‍ی‍م‌ داراب‍ی‌,Ebrahim Darabi,,,Appendix C
TR_0117,اب‍راه‍ی‍م‌ اق‍ل‍ی‍دی‌,Ebrahim Eghlidi,,,Appendix C
TR_0118,ع‍ف‍ت‌ ن‍ادری‌‌ن‍ژاد,Effat Naderinejad,,,Appendix C
TR_0119,احسان چادگانی,Ehsan Chadegani,,,Appendix C
TR_0120,احسان قراخانی,Ehsan Gharakhani,,,Appendix C
TR_0121,احسان جولاپور,Ehsan Joulapour,,,Appendix C
TR_0122,احسان مقصودی,Ehsan Maghsoudi,,,Appendix C
TR_0123,احسان رییسی,Ehsan Raeisi,,,Appendix C
TR_0124,احترام‌السادات نصیری,Ehtehramolsadat Nasiri,,,Appendix C
TR_0125,الهه چراغی,Elaheh Cheraghi,,,Appendix C
TR_0126,الهه صالحی,Elaheh Salehi,,,Appendix C
TR_0127,الهام دانش‌نژاد,Elham Daneshnejad,,,Appendix C
TR_0128,الهام حق‌پرست,Elham Haghparast,جداکردن پیمان صارمی و الهام حق‌پرست و یکی کردن با ورژن تکی,"Separate Peyman Sarami and Elham Haghparast, and merge into a single version",Appendix C
TR_0129,الهام میرمحمدی,Elham Mirmohammadi,,,Appendix C
TR_0130,الهام صداقتی,Elham Sedaghati,,,Appendix C
TR_0131,الناز ذهبی,Elnaz Zahabi,,,Appendix C
TR_0132,عماد ذبحی,Emad Zobhi,,,Appendix C
TR_0133,امیلی امرایی,Emily Amraei,,,Appendix C
TR_0134,عنایت,Enayat,,,Appendix C
TR_0135,ع‍ن‍ای‍ت‌ ال‍ل‍ه‌ ش‍ک‍ی‍ب‍اپ‍ور,Enayatollah Shakibapour,,,Appendix C
TR_0136,اس‍ف‍ن‍دی‍ار ب‍ه‍ار,Esfandiar Bahar,,,Appendix C
TR_0137,اسماعيل حسينی,Esmaeil Hosseini,,,Appendix C
TR_0138,اعتمادالسلطنه (محمد حسن بن علی مراغه‌ای),Etemad al-Saltaneh (Mohammadhassan ibn Ali Maraghei),,,Appendix C
TR_0139,فائزه اثناعشری,Faezeh Asnaashari,,,Appendix C
TR_0140,فهیمه سارخانی,Fahimeh Sarkhani,,,Appendix C
TR_0141,ف‍خ‍رال‍س‍ادات‌ م‍ه‍اج‍ری‌,Fakhr al-Sadat Mohajeri,,,Appendix C
TR_0142,فانوس بهادروند,Fanoos Bahadorvand,,,Appendix C
TR_0143,فرانک معنوی‌امین,Faranak Maanavi Amin,,,Appendix C
TR_0144,فرانک محمدی,Faranak Mohammadi,,,Appendix C
TR_0145,فرانک سالاری,Faranak Salari,,,Appendix C
TR_0146,فرانک وثوقی,Faranak Vosoughi,,,Appendix C
TR_0147,فربد آذسن,Farbod Azsan,,,Appendix C
TR_0148,فرهاد ارکانی,Farhad Arkani,جداکردن فرهاد ارکانی و سارا صفاتی,Separate Farhad Arkani and Sara Sefati,Appendix C
TR_0149,فرهاد بیگدلو,Farhad Bigdelu,,,Appendix C
TR_0150,فرهاد سیدلو,Farhad Seyedlou,,,Appendix C
TR_0151,فریبا شیخ‌الاسلامی,Fariba Sheikholeslami,,,Appendix C
TR_0152,فرید کرمی,Farid Karami,,,Appendix C
TR_0153,ف‍ری‍ده‌ ق‍رچ‍ه‌داغ‍ی‌,Farideh Gharchehdaghi,,,Appendix C
TR_0154,فریده خرمی,Farideh Khorrami,,,Appendix C
TR_0155,ف‍ری‍ده‌ م‍ه‍دوی‌‌دام‍غ‍ان‍ی‌,Farideh Mahdavi Damghani,,,Appendix C
TR_0156,ف‍ری‍ده‌ ت‍ی‍م‍وری,Farideh Teymouri,,,Appendix C
TR_0157,فرمهر امیردوست,Farmehr Amirdoust,,,Appendix C
TR_0158,فرمهر منجزی,Farmehr Monjezi,,,Appendix C
TR_0159,فرنام خسروی,Farnam Khosravi,,,Appendix C
TR_0160,فرناز دهدشتی,Farnaz Dehdashti,,,Appendix C
TR_0161,فرناز حائری,Farnaz Haeri,,,Appendix C
TR_0162,ف‍رن‍وش‌ گ‍ی‍وه‌ک‍ی‌,Farnoush Givehki,,,Appendix C
TR_0163,ف‍رخ‌ ب‍اف‍ن‍ده‌,Farrokh Bafandeh,,,Appendix C
TR_0164,فرخنده ابراهیمی,Farkhondeh Ebrahimi,,,Appendix C
TR_0165,ف‍رش‍اد ن‍ج‍ف‍ی‌پ‍ور,Farshad Najafipour,,,Appendix C
TR_0166,فرزاد فربد,Farzad Farbod,,,Appendix C
TR_0167,فرزام حبیبی‌اصفهانی,Farzam Habibi Esfahani,,,Appendix C
TR_0168,فرزانه قلی‌زاده,Farzaneh Gholizadeh,,,Appendix C
TR_0169,فرزانه قربان‌کریمی,Farzaneh Ghorban-Karimi,,,Appendix C
TR_0170,فرزانه سالمی,Farzaneh Salemi,,,Appendix C
TR_0171,فرزین سوری,Farzin Souri,,,Appendix C
TR_0172,فاطمه چکامیان‌رحمانی,Fatemeh Chakamian Rahmani,,,Appendix C
TR_0173,فاطمه فلسفی‌پور,Fatemeh Falsafipour,,,Appendix C
TR_0174,فاطمه فریدنیا,Fatemeh Faridnia,,,Appendix C
TR_0175,فاطمه فیروز بخت,Fatemeh Firouzbakht,,,Appendix C
TR_0176,فاطمه حامدی‌فر,Fatemeh Hamedifar,,,Appendix C
TR_0177,ف‍اطم‍ه‌ ن‍ق‍اش‌,Fatemeh Naghash,,,Appendix C
TR_0178,فاطمه پاک‌زبان,Fatemeh Pakzaban,,,Appendix C
TR_0179,فاطمه سعیدی,Fatemeh Saeedi,,,Appendix C
TR_0180,فاطمه صالحی,Fatemeh Salehi,,,Appendix C
TR_0181,فاطمه شاه‌حسینی,Fatemeh Shahhosseini,,,Appendix C
TR_0182,ف‍ت‍ح‌ال‍ل‍ه‌ ج‍ع‍ف‍ری‌‌ج‍وزان‍ی‌,Fathollah Jafari Jozani,,,Appendix C
TR_0183,ف‍رش‍ت‍ه‌ ت‍وان‍گ‍ر,Fereshteh Tavangar,,,Appendix C
TR_0184,فریدون قاضی‌نژاد,Fereydoun Ghazinejad,,,Appendix C
TR_0185,ف‍ری‍دون‌ ک‍ار,Fereydoun Kar,,,Appendix C
TR_0186,فریدون صدری,Fereydoun Sadri,,,Appendix C
TR_0187,ف‍ی‍روزه‌ اث‍ن‍ی‌ع‍ش‍ران,Firouzeh Asnaasharan,,,Appendix C
TR_0188,فروغی,Foroughi,,,Appendix C
TR_0189,فواد رضاپور,Fouad Rezapour,جداکردن مهرداد حاجیلوییان و فواد رضاپور,Separate Mehrdad Hajilooian and Fouad Rezapour,Appendix C
TR_0190,ق‍دی‍ر گ‍ل‍ک‍اری‍ان‌,Ghadir Golkarian,,,Appendix C
TR_0191,قاسم صنعوی,Ghasem Sanavi,,,Appendix C
TR_0192,غلامحسین اعرابی,Gholamhossein Arabi,,,Appendix C
TR_0193,غلامرضا امامی,Gholamreza Emami,,,Appendix C
TR_0194,غلامرضا صراف,Gholamreza Sarraf,,,Appendix C
TR_0195,غ‍لام‍رض‍ا س‍ل‍گ‍ی‌,Gholamreza Solgi,,,Appendix C
TR_0196,گ‍ی‍س‍وی‌ ن‍اص‍ری‌,Gisou Naseri,,,Appendix C
TR_0197,گیتا گرگانی,Gita Gorgani,,,Appendix C
TR_0198,گیتا شیخ‌الاسلامی,Gita Sheikholeslami,,,Appendix C
TR_0199,گلناز صالح‌کریمی,Golnaz Salehkarimi,,,Appendix C
TR_0200,ح‍ب‍ی‍ب‌ال‍ل‍ه‌ ل‍زگ‍ی‌,Habibollah Lezgi,,,Appendix C
TR_0201,هادی عادلپور,Hadi Adelpour,,,Appendix C
TR_0202,هاجر شکری,Hajar Shokri,جداکردن هاجر شکری و امان‌ا... ارغوان,Separate Hajar Shokri and Amanollah Arghavan,Appendix C
TR_0203,هاجر تربیت,Hajar Tarbiat,,,Appendix C
TR_0204,حامد حسینی‌میرا,Hamed Hosseini Mira,,,Appendix C
TR_0205,حامد کاظمی,Hamed Kazemi,,,Appendix C
TR_0206,حمید حقیقت,Hamid Haghighat,,,Appendix C
TR_0207,حمیدرضا کودری,Hamidreza Koudari,,,Appendix C
TR_0208,حمیدرضا پویا,Hamidreza Pouya,,,Appendix C
TR_0209,حمیدرضا تنیانی‌مقدم,Hamidreza Tenyani-Moghadam,,,Appendix C
TR_0210,هامون جعفرنژاد,Hamoun Jafarnejad,,,Appendix C
TR_0211,حانیه مالمیر,Haniyeh Malmir,,,Appendix C
TR_0212,حسن قائمیان,Hassan Ghaemian,جداکردن صادق هدایت و حسن قائمیان,Separate Sadegh Hedayat and Hassan Ghaemian,Appendix C
TR_0213,حسن هاشمی‌میناباد,Hassan Hashemi Minabad,,,Appendix C
TR_0214,حسن هنرمندی,Hassan Honarmandi,,,Appendix C
TR_0215,حسن مسعودی,Hassan Masoudi,,,Appendix C
TR_0216,حسن پستا,Hassan Pasta,,,Appendix C
TR_0217,حسن شهباز,Hassan Shahbaz,,,Appendix C
TR_0218,حسن شهرابی,Hassan Shahrabi,جداکردن حسن شهرابی و مینا طالب‌لی,Separate Hassan Shahrabi and Mina Talebli,Appendix C
TR_0219,حشمت سادات میرعابدینی,Heshmat Sadat Mirabedini,,,Appendix C
TR_0220,حسام جنانی,Hessam Janani,,,Appendix C
TR_0221,هرمز ریاحی,Hormoz Riyahi,,,Appendix C
TR_0222,حسین امیری,Hossein Amiri,,,Appendix C
TR_0223,حسین فدایی‌حسین,Hossein Fadaei Hossein,,,Appendix C
TR_0224,حسین غریبی,Hossein Gharibbi,,,Appendix C
TR_0225,حسین محمدامینی,Hossein Mohammadamini,,,Appendix C
TR_0226,حسین نورصادقی,Hossein Noorsadeghi,,,Appendix C
TR_0227,حسین شهرابی,Hossein Shahrabi,,,Appendix C
TR_0228,حسین سلطانی‌نژاد,Hossein Soltaninejad,,,Appendix C
TR_0229,حسین یاوری,Hossein Yavari,,,Appendix C
TR_0230,ح‍س‍ی‍ن‍ع‍ل‍ی‌ ت‍ه‍ران‍ی‌,Hosseinali Tehrani,جداکردن ح‍س‍ی‍ن‍ع‍ل‍ی‌ ت‍ه‍ران‍ی‌ و ع‍ل‍ی‌ م‍ن‍ی‍ری,Separate Hossein Ali Tehrani and Ali Moniri,Appendix C
TR_0231,هوشنگ غیاثی‌نژاد,Houshang Ghiasinejad,,,Appendix C
TR_0232,ایمان اسماعیلیان,Iman Esmaeilian,,,Appendix C
TR_0233,ای‍رج‌ اف‍ش‍ار,Iraj Afshar,,,Appendix C
TR_0234,ای‍رج‌ ح‍ی‍دری‌,Iraj Heydari,,,Appendix C
TR_0235,ایرج مثال‌آذر,Iraj Mesal-Azar,,,Appendix C
TR_0236,ایراندخت اردیبهشتی,Irandokht Ordibeheshti,,,Appendix C
TR_0237,ج‍ع‍ف‍ر م‍درس‌‌ص‍ادق‍ی‌,Jafar Modarres-Sadeghi,,,Appendix C
TR_0238,ج‍ل‍ی‍ل‌ ده‍م‍ش‍گ‍ی‌,Jalil Dahmoshgi,,,Appendix C
TR_0239,ج‍ل‍ی‍ل‌ ش‍اه‍ری‌‌ل‍ن‍گ‍رودی‌,Jalil Shahri Langroudi,,,Appendix C
TR_0240,ج‍م‍ش‍ی‍د اس‍ک‍ن‍دان‍ی‌,Jamshid Eskandani,,,Appendix C
TR_0241,جمشید نوایی,Jamshid Navaei,,,Appendix C
TR_0242,جواد همایون‌پور,Javad Homayounpour,,,Appendix C
TR_0243,ج‍واد ک‍ری‍م‍ی,Javad Karimi,,,Appendix C
TR_0244,ج‍واد م‍ح‍ب‍ی‌,Javad Mohebbi,,,Appendix C
TR_0245,جواد یوسف‌بیگ,Javad Yousefbeig,,,Appendix C
TR_0246,ژان‌ ق‍ری‍ب‌,Jean Gharib,,,Appendix C
TR_0247,کژوان آبهشت,Kajvan Abhesht,جداکردن ماندانا نوری و کژوان آبهشت,Separate Mandana Nouri and Kazhvan Abesht,Appendix C
TR_0248,کامبیز هادی‌پور,Kambiz Hadipour,,,Appendix C
TR_0249,کاملیا داوودی,Kamelia Davoudi,جداکردن کاملیا داوودی و سودابه مرادنیا,Separate Kamalia Davoudi and Soodeh Maradnia,Appendix C
TR_0250,ک‍ام‍ران‌ پ‍روان‍ه‌,Kamran Parvaneh,,,Appendix C
TR_0251,کامروا ابراهیمی,Kamrava Ebrahimi,,,Appendix C
TR_0252,کارتارینا ورزی,Kartarina Varzi,درست این اسم کاتارینا است ولی برای تغییر ندادن اطلاعات حذف نشده است,the name “Katarina” is correct; it was not changed to avoid data modification,Appendix C
TR_0253,کاتارینا ورزی,Katarina Varzi,,,Appendix C
TR_0254,کتایون نصیری‌مجد,Katayoun Nasiri Majd,,,Appendix C
TR_0255,کتایون سلطانی,Katayoun Soltani,,,Appendix C
TR_0256,کاوه باسمنجی,Kaveh Basmanji,,,Appendix C
TR_0257,کاوه میرعباسی,Kaveh Mirabbasi,,,Appendix C
TR_0258,کاوه پرتوی,Kaveh Partovi,,,Appendix C
TR_0259,کاوه سیدحسینی,Kaveh Seyedhosseini,,,Appendix C
TR_0260,کاظم اسماعیلی,Kazem Esmaeili,,,Appendix C
TR_0261,كرامت‌الله صادقی‌پور,Keramatollah Sadeghipour,,,Appendix C
TR_0262,ک‍ی‍وان‌ ع‍ب‍ی‍دی‌ آش‍ت‍ی‍ان‍ی‌,Keyvan Abidi Ashtiani,,,Appendix C
TR_0263,ک‍ی‍وان‌ اس‍لام‍ی‌,Keyvan Eslami,,,Appendix C
TR_0264,خدیجه سلیمانی,Khadijeh Soleimani,,,Appendix C
TR_0265,کیارش آفاقی,Kiarash Afaghi,,,Appendix C
TR_0266,ک‍ی‍وم‍رث‌ پ‍ارس‍ای‌,Kiyumars Parsay,,,Appendix C
TR_0267,کبری دانه‌کار,Kobra Danekar,,,Appendix C
TR_0268,ک‍وروس‌ ج‍ه‍ان‍ب‍گ‍ل‍و,Kouros Jahanbegloo,,,Appendix C
TR_0269,کوروش ساسانی,Kourosh Sasani,,,Appendix C
TR_0270,لادن جهانسوز,Ladan Jahansouz,,,Appendix C
TR_0271,لادن کزازی,Ladan Kazazi,,,Appendix C
TR_0272,لادن کاظمی,Ladan Kazemi,,,Appendix C
TR_0273,لیلا احمدی,Leila Ahmadi,,,Appendix C
TR_0274,لیلا عظیمی,Leila Azimi,,,Appendix C
TR_0275,لیلا برج‌علیخانی,Leila Borjalikhani,جداکردن لیلا برج‌علیخانی و بهاره برج‌علیخانی,Separate Leila Borj-Alikhani and Bahareh Borj-Alikhani,Appendix C
TR_0276,لیلا دوستانی,Leila Doustani,,,Appendix C
TR_0277,ليلا طاهری,Leila Taheri,,,Appendix C
TR_0278,لیلا تربتی,Leila Torbati,جداکردن لیلا تربتی و پوپک تربتی,Separate Leila Torbati and Poopak Torbati,Appendix C
TR_0279,لیلا یادگاری,Leila Yadegari,,,Appendix C
TR_0280,ل‍ی‍ل‍ی‌ ب‍رات‌زاده‌,Leili Baratzadeh,,,Appendix C
TR_0281,م. دادور,M. Dadvar,,,Appendix C
TR_0282,ماهان سیارمنش,Mahan Sayarmanesh,,,Appendix C
TR_0283,م‍ح‍ب‍وب‍ه‌ ن‍ج‍ف‌خ‍ان‍ی‌,Mahboubeh Najafkhani,,,Appendix C
TR_0284,مهدیه فرشادجو,Mahdieh Farshadjou,,,Appendix C
TR_0285,ماهدیس ضرغامی,Mahdis Zarghami,,,Appendix C
TR_0286,م‍ه‍ی‍ن‌ ق‍ه‍رم‍ان,Mahin Ghahreman,,,Appendix C
TR_0287,م‍ح‍م‍ود اب‍ری‍ش‍م‍چ‍ی‍ان‌,Mahmoud Abrishamchian,,,Appendix C
TR_0288,محمود امیریاراحمدی,Mahmoud Amiriyarahmadi,جداکردن مرسده خدیورمحسنی و محمود امیریاراحمدی,Separate Marsedeh Khodivar Mohseni and Mahmoud Amiriarahmandi,Appendix C
TR_0289,محمود جمالی‌پور,Mahmoud Jamalipour,,,Appendix C
TR_0290,محمود مصاحب,Mahmoud Mosaheb,,,Appendix C
TR_0291,م‍ح‍م‍ود رس‍ت‍م‍ی‌‌ج‍م,Mahmoud Rostami Jam,,,Appendix C
TR_0292,محمود طرزی,Mahmoud Tarzi,,,Appendix C
TR_0293,مهنام عبادی,Mahnam Ebadi,,,Appendix C
TR_0294,م‍ه‍ن‍از داوری‌,Mahnaz Davari,,,Appendix C
TR_0295,مهناز دلی,Mahnaz Deli,,,Appendix C
TR_0296,مهناز مهری,Mahnaz Mehri,,,Appendix C
TR_0297,م‍ه‍ن‍از س‍ی‍ف‌طل‍وع‍ی‌,Mahnaz Seyftolouei,,,Appendix C
TR_0298,ماهرخ آخوند,Mahrokh Akhound,,,Appendix C
TR_0299,مهسا خلیلی,Mahsa Khalili,,,Appendix C
TR_0300,مهسا خراسانی,Mahsa Khorasani,,,Appendix C
TR_0301,مهسا ملک‌مرزبان,Mahsa Malekmarzban,,,Appendix C
TR_0302,مهسا یزدانی,Mahsa Yazdani,,,Appendix C
TR_0303,م‍ه‍ش‍ی‍د ام‍ی‍رش‍اه‍ی,Mahshid Amirshahi,,,Appendix C
TR_0304,مهشید مجتهدزاده,Mahshid Mojtahedzadeh,,,Appendix C
TR_0305,مهتا عافیت‌طلب,Mahta Afiattalab,,,Appendix C
TR_0306,مهتاب ماهانی,Mahtab Mahani,,,Appendix C
TR_0307,محیا بیات,Mahya Bayat,,,Appendix C
TR_0308,محیا کمالوند,Mahya Kamalvand,,,Appendix C
TR_0309,مهزاد‌سادات حیدریان,Mahzad Sadat Heydarian,,,Appendix C
TR_0310,مجید عمیق,Majid Amigh,,,Appendix C
TR_0311,مجید حاتمی,Majid Hatami,,,Appendix C
TR_0312,م‍ج‍ی‍د م‍ی‍رب‍زرگ‍ی,Majid Mirbozorgi,,,Appendix C
TR_0313,م‍ج‍ی‍د ری‍اح‍ی‌,Majid Riyahi,,,Appendix C
TR_0314,مجید زارعی,Majid Zarei,,,Appendix C
TR_0315,م‍ان‍دان‍ا ق‍ه‍رم‍ان‍ل‍و,Mandana Ghahremanlou,,,Appendix C
TR_0316,ماندانا نوری,Mandana Nouri,جداکردن ماندانا نوری و کژوان آبهشت,Separate Mandana Nouri and Kazhvan Abesht,Appendix C
TR_0317,م‍ان‍ی‌ ص‍ال‍ح‍ی‌ع‍لام‍ه,Mani Salehi-Allameh,,,Appendix C
TR_0318,م‍ن‍وچ‍ه‍ر ک‍ری‍م‌زاده,Manouchehr Karimizadeh,جداکردن ام‍ی‍د اق‍ت‍داری‌ و م‍ن‍وچ‍ه‍ر ک‍ری‍م‌زاده,Separate Omid Eghtedari and Manoochehr Karimzadeh,Appendix C
TR_0319,منصوره کریمی,Mansoureh Karimi,,,Appendix C
TR_0320,مرجان حمیدی,Marjan Hamidi,,,Appendix C
TR_0321,مرجان خانجان‌خانی,Marjan Khanjankhani,,,Appendix C
TR_0322,مرجان موسوی‌کوشا,Marjan Mousavi Koosha,,,Appendix C
TR_0323,مریم آقایی,Maryam Aghaei,,,Appendix C
TR_0324,مریم عزیزی,Maryam Azizi,,,Appendix C
TR_0325,مریم امامی,Maryam Emami,,,Appendix C
TR_0326,مریم قنبری,Maryam Ghanbari,,,Appendix C
TR_0327,مریم حیدری,Maryam Heydari,,,Appendix C
TR_0328,مریم کلانتریان,Maryam Kalantarian,,,Appendix C
TR_0329,مریم ملکوتی,Maryam Malakouti,,,Appendix C
TR_0330,مریم معافی,Maryam Moafi,,,Appendix C
TR_0331,مریم منتصرالدوله,Maryam Montaseroddowleh,,,Appendix C
TR_0332,م‍ری‍م‌ پ‍ورح‍س‍ی‍ن‍ی‌,Maryam Pourhosseini,,,Appendix C
TR_0333,مریم رفیعی,Maryam Rafiei,,,Appendix C
TR_0334,مریم سیادت,Maryam Siyadat,,,Appendix C
TR_0335,م‍ری‍م‌ واث‍ق‍ی‌‌پ‍ن‍اه,Maryam Vaseghipanah,,,Appendix C
TR_0336,مرضیه هاشم‌بنی,Marzieh Hashembani,,,Appendix C
TR_0337,مرضیه کدخدایى,Marzieh Kadkhodaei,,,Appendix C
TR_0338,مرضیه خسروی,Marzieh Khosravi,,,Appendix C
TR_0339,م‍س‍ی‍ح‌ م‍ی‍رب‍اب‍ائ‍ی,Masih Mirbabaei,,,Appendix C
TR_0340,مسعود الهامی,Masoud Elhami,,,Appendix C
TR_0341,م‍س‍ع‍ود حجوانی,Masoud Hajvani,,,Appendix C
TR_0342,مسعود ملک‌یاری,Masoud Malekyari,,,Appendix C
TR_0343,م‍س‍ع‍ود ش‍ری‍ع‍ت‍م‍داری,Masoud Shariatmadari,,,Appendix C
TR_0344,مسعود زارعی مزرعه,Masoud Zarei Mazraeh,,,Appendix C
TR_0345,معصومه حیدری,Masoumeh Heydari,,,Appendix C
TR_0346,معصومه محمدی,Masoumeh Mohammadi,,,Appendix C
TR_0347,معصومه نصیری,Masoumeh Nasiri,,,Appendix C
TR_0348,معصومه شیخی,Masoumeh Sheikhi,,,Appendix C
TR_0349,مستوره خضرایی,Mastoureh Khazraei,,,Appendix C
TR_0350,م‍ت‍ی‍ن‌ پ‍درام‍ی‌,Matin Pedrami,,,Appendix C
TR_0351,مهدی بنواری,Mehdi Benvari,,,Appendix C
TR_0352,مهدی فیاضی‌کیا,Mehdi Fayazi-Kia,,,Appendix C
TR_0353,مهدی قراچه‌داغی,Mehdi Gharachehdaghi,,,Appendix C
TR_0354,مهدی لطیفی‌شیره‌جینی,Mehdi Latifi Shirehjini,,,Appendix C
TR_0355,م‍ه‍دی‌ س‍ح‍اب‍ی,Mehdi Sahabi,,,Appendix C
TR_0356,مهدی صالحی‌اقدم,Mehdi Salehi-Aghdam,,,Appendix C
TR_0357,مهدی سمسار,Mehdi Semsar,,,Appendix C
TR_0358,مهرآیین اخوت,Mehrayin Okhovat,,,Appendix C
TR_0359,مهرداد حاجیلوییان,Mehrdad Hajilouiyan,جداکردن مهرداد حاجیلوییان و فواد رضاپور,Separate Mehrdad Hajilooian and Fouad Rezapour,Appendix C
TR_0360,م‍ه‍رداد م‍ه‍دوی‍ان‌,Mehrdad Mahdavian,,,Appendix C
TR_0361,مهرداد سبیانی,Mehrdad Sabiani,,,Appendix C
TR_0362,مهرنوش نصوری,Mehrnoush Nasouri,,,Appendix C
TR_0363,مهرزاد جعفری,Mehrzad Jafari,,,Appendix C
TR_0364,م‍ه‍رزاد م‍ل‍ک‍ان‌,Mehrzad Malekan,جداکردن ش‍اه‍رخ‌ ب‍ه‍ار و م‍ه‍رزاد م‍ل‍ک‍ان‌,Separate Shahrokh Bahar and Mehrzad Malkan,Appendix C
TR_0365,ملیکا خوش‌نژاد,Melika Khoshnezhad,,,Appendix C
TR_0366,مرسده خدیورمحسنی,Mersedeh Khadivar Mohseni,جداکردن مرسده خدیورمحسنی و محمود امیریاراحمدی,Separate Marsedeh Khodivar Mohseni and Mahmoud Amiriarahmandi,Appendix C
TR_0367,مرسده موسوی,Mersedeh Mousavi,,,Appendix C
TR_0368,میلاد فشتمی,Milad Fashtami,,,Appendix C
TR_0369,میلاد شالیکاریان,Milad Shalikarian,,,Appendix C
TR_0370,م‍ی‍لاد زک‍ری‍ا,Milad Zakaria,,,Appendix C
TR_0371,مینا طالب‌لی,Mina Talebli,جداکردن حسن شهرابی و مینا طالب‌لی و یکی کردن با ورژن تکی,"Separate Hassan Shahrabi and Mina Talebli, and merge into a single version",Appendix C
TR_0372,م‍ی‍رع‍ل‍ی‌ غ‍روی‌,Mir Ali Gharavi,,,Appendix C
TR_0373,م‍ی‍ت‍را ح‍ب‍ی‍ب‍ی‌,Mitra Habibi,,,Appendix C
TR_0374,م‍ی‍ت‍را م‍ی‍رش‍ک‍ار‌س‍ی‍اه‍ک‍ل‌,Mitra Mirshekar Siahkal,,,Appendix C
TR_0375,مبینا موسوی,Mobina Mousavi,,,Appendix C
TR_0376,محمد علی‌پور,Mohammad Alipour,,,Appendix C
TR_0377,م‍ح‍م‍د آس‍ی‍م‌,Mohammad Asim,,,Appendix C
TR_0378,م‍ح‍م‍د اس‍م‍اع‍ی‍ل‌زاده‌ ق‍ن‍ده‍اری,Mohammad Esmailzadeh Ghandehari,,,Appendix C
TR_0379,محمد قصاع,Mohammad Ghassa,,,Appendix C
TR_0380,محمد حسینی‌مقدم,Mohammad Hosseini-Moghadam,,,Appendix C
TR_0381,محمد جوادی,Mohammad Javadi,,,Appendix C
TR_0382,محمد نادری,Mohammad Naderi,,,Appendix C
TR_0383,م‍ح‍م‍د ن‍ورال‍ل‍ه‍ی‌,Mohammad Nourollahi,,,Appendix C
TR_0384,محمد رمضانی,Mohammad Ramezani,,,Appendix C
TR_0385,محمد شمس,Mohammad Shams,,,Appendix C
TR_0386,م‍ح‍م‍دع‍ل‍ی‌ اخ‍وان‌,Mohammadali Akhavan,,,Appendix C
TR_0387,محمدعلی اردانی,Mohammadali Ardani,,,Appendix C
TR_0388,م‍ح‍م‍دع‍ل‍ی‌ آذرپ‍ی‍را,Mohammadali Azarpira,,,Appendix C
TR_0389,محمد‌علی مهمان‌نوازان,Mohammadali Mehmannavazan,,,Appendix C
TR_0390,محمدامین جندقیان,Mohammadamin Jandaghian,,,Appendix C
TR_0391,م‍ح‍م‍دح‍س‍ی‍ن‌ ع‍ب‍اس‍پ‍ور ت‍م‍ی‍ج‍ان‍ی‌,Mohammadhossein Abbaspour Tamijani,,,Appendix C
TR_0392,م‍ح‍م‍درض‍ا ب‍اطن‍ی‌,Mohammadreza Bateni,,,Appendix C
TR_0393,م‍ح‍م‍درض‍ا ای‍ن‍ان‍ل‍و,Mohammadreza Inanlou,,,Appendix C
TR_0394,محمدرضا کمره‌ای,Mohammadreza Kamrei,جداکردن بهاره خسروان و محمدرضا کمره‌ای,Separate Bahareh Khosravan and Mohammadreza Kamarei,Appendix C
TR_0395,محمدرضا ملکی,Mohammadreza Maleki,,,Appendix C
TR_0396,محمدرضا مرعشی‌پور,Mohammadreza Marashipour,,,Appendix C
TR_0397,محمدرضا صالح‌پور,Mohammadreza Salehpour,,,Appendix C
TR_0398,محمدرضا شمس,Mohammadreza Shams,جداکردن محمدرضا شمس و پریسا همایون‌روز,Separate Mohammadreza Shams and Parisa Homayoun-Rouz,Appendix C
TR_0399,محمدصادق رئیسی,Mohammadsadegh Raeisi,,,Appendix C
TR_0400,محمدصالح نورانی‌زاده,Mohammadsaleh Nouranizadeh,,,Appendix C
TR_0401,م‍ح‍م‍دت‍ق‍ی‌ ب‍ه‍رام‍ی‌ح‍ران‌,Mohammadtaqi Bahrami Haran,,,Appendix C
TR_0402,م‍ح‍م‍د زاده‌رح‍م‍ان‍ی‌,Mohammadzadeh Rahmani,,,Appendix C
TR_0403,محسن چراغپور,Mohsen Cheraghpour,,,Appendix C
TR_0404,م‍ح‍س‍ن‌ اب‍راه‍ی‍م‌,Mohsen Ebrahim,,,Appendix C
TR_0405,محسن فراهانی,Mohsen Farahani,,,Appendix C
TR_0406,محسن کاس‌نژاد,Mohsen Kasnejad,,,Appendix C
TR_0407,موژان چگينی,Mojan Chegini,,,Appendix C
TR_0408,مژگان کلهر,Mojgan Kalhor,,,Appendix C
TR_0409,مژگان اولادی,Mojgan Ouladi,,,Appendix C
TR_0410,مژگان شیخی,Mojgan Sheikhi,,,Appendix C
TR_0411,مجتبی ميرزايی‌الموتی,Mojtaba Mirzaei Almuti,جداکردن مجتبی ميرزايی‌الموتی و مصطفی نقی‌پور,Separate Mojtaba Mirzaei Alamouti and Mostafa Naqipoor,Appendix C
TR_0412,مراد فرهادپور,Morad Farhadpour,,,Appendix C
TR_0413,م‍ص‍طف‍ی‌ م‍ش‍ه‍دی‌زاده‌,Mostafa Mashhadizadeh,,,Appendix C
TR_0414,مصطفی نقی‌پور,Mostafa Naghipour,جداکردن مجتبی ميرزايی‌الموتی و مصطفی نقی‌پور,Separate Mojtaba Mirzaei Alamouti and Mostafa Naqipoor,Appendix C
TR_0415,مطهره اسلامی,Motahereh Eslami,,,Appendix C
TR_0416,نادیا آبروان,Nadia Abravan,,,Appendix C
TR_0417,نادیا نوحی,Nadia Nouhi,,,Appendix C
TR_0418,نعیمه حسینی,Naeimeh Hosseini,,,Appendix C
TR_0419,نهال سهیلی‌فر,Nahal Soheilifar,,,Appendix C
TR_0420,ناهید علیخانی,Nahid Alikhani,,,Appendix C
TR_0421,ناهید قادری,Nahid Ghaderi,,,Appendix C
TR_0422,ناهید قهرمانی,Nahid Ghahremani,,,Appendix C
TR_0423,ناهید هاشمیان,Nahid Hashemian,,,Appendix C
TR_0424,ناهید شهبازی‌مقدم,Nahid Shahbazi-Moghadam,,,Appendix C
TR_0425,ناهید تبریزی‌سلامی,Nahid Tabrizi Salami,,,Appendix C
TR_0426,ناهیده هاشمی,Nahideh Hashemi,,,Appendix C
TR_0427,ن‍ج‍م‍ه‌ ف‍خ‍رای‍ی‌,Najmeh Fakhraei,,,Appendix C
TR_0428,نرگس آشتیانی,Narges Ashtiani,,,Appendix C
TR_0429,نرگس ثمینی,Narges Samini,,,Appendix C
TR_0430,نارون گلعلی‌زاده,Narvan Golalizadeh,,,Appendix C
TR_0431,ن‍اص‍ر ای‍ران‍ی‌,Naser Irani,,,Appendix C
TR_0432,ن‍س‍ری‍ن‌ آق‍اب‍اب‍ا,Nasrin Aghababa,,,Appendix C
TR_0433,نسرین مجیدی,Nasrin Majidi,,,Appendix C
TR_0434,نسرین وکیلی,Nasrin Vakili,,,Appendix C
TR_0435,ندا شادنظر,Neda Shadnazar,,,Appendix C
TR_0436,ندا ترابی,Neda Torabi,,,Appendix C
TR_0437,نگار درستکارفر,Negar Dorostkarfar,,,Appendix C
TR_0438,نگار ابراهیمی‌فرد,Negar Ebrahimifard,,,Appendix C
TR_0439,نگار شجاعی,Negar Shojaei,,,Appendix C
TR_0440,نگین خوش‌دامن,Negin Khoshdaman,,,Appendix C
TR_0441,نلی محجوب,Nelly Mahjoub,,,Appendix C
TR_0442,ن‍رس‍ی‌ خ‍ل‍ی‍ل‍ی‌ف‍ر,Nersi Khalilifar,,,Appendix C
TR_0443,نشاط رحمانی‌نژاد,Neshat Rahmaninejad,,,Appendix C
TR_0444,نیکا صداقتی,Nika Sedaghati,,,Appendix C
TR_0445,نیکو سرخوش,Niku Sarkhosh,,,Appendix C
TR_0446,نیلا والا,Nila Vala,,,Appendix C
TR_0447,نیلوفر امن‌زاده,Niloufar Amnzadeh,,,Appendix C
TR_0448,نیلوفر عزیزپور,Niloufar Azizpour,,,Appendix C
TR_0449,نیلوفر مهدیان,Niloufar Mahdian,,,Appendix C
TR_0450,نیلوفر شیرازیان,Niloufar Shirazian,,,Appendix C
TR_0451,نیما دلالت,Nima Delalat,,,Appendix C
TR_0452,نینا جمشید‌نژاد,Nina Jamshidnejad,,,Appendix C
TR_0453,نیوشا نیک‌نژاد,Niousha Niknejad,,,Appendix C
TR_0454,نوشین احمدی‌خراسانی,Noushin Ahmadi Khorasani,,,Appendix C
TR_0455,ن‍وش‍ی‍ن‌ ری‍ش‍ه‍ری‌,Noushin Reishahri,,,Appendix C
TR_0456,نوشین سلیمانی,Noushin Soleimani,,,Appendix C
TR_0457,ام‍ی‍د اق‍ت‍داری‌,Omid Eghtedari,جداکردن ام‍ی‍د اق‍ت‍داری‌ و م‍ن‍وچ‍ه‍ر ک‍ری‍م‌زاده,Separate Omid Eghtedari and Manoochehr Karimzadeh,Appendix C
TR_0458,امید صادقی سراجی,Omid Sadeghi Saraji,,,Appendix C
TR_0459,عذرا گلفام,Ozra Golfam,,,Appendix C
TR_0460,پریسا همایون‌روز,Parisa Homayounrooz,جداکردن محمدرضا شمس و پریسا همایون‌روز,Separate Mohammadreza Shams and Parisa Homayoun-Rouz,Appendix C
TR_0461,پریسا کاروند,Parisa Karvand,,,Appendix C
TR_0462,پریسا مهجور,Parisa Mahjour,,,Appendix C
TR_0463,پ‍ری‍س‍ا م‍خ‍ت‍ارزاده,Parisa Mokhtarzadeh,,,Appendix C
TR_0464,پریا آق‍اس‍ی‌ب‍ی‍گ,Pariya Aghasibeig,,,Appendix C
TR_0465,پریا آریا,Pariya Aria,,,Appendix C
TR_0466,پ‍رم‍ی‍س‌ پ‍رگ‍اری‌,Parmis Pargari,,,Appendix C
TR_0467,پرناز نیری,Parnaz Naieri,,,Appendix C
TR_0468,پرتو اشراق,Parto Eshragh,,,Appendix C
TR_0469,پروین علی‌پور,Parvin Alipour,,,Appendix C
TR_0470,پروین جلوه‌نژاد,Parvin Jelvehnejad,,,Appendix C
TR_0471,پرویز دوایی,Parviz Davaei,,,Appendix C
TR_0472,پرویز داوئی,Parviz Davei,به اشتباه کتابخانه ملی ایران پرویز داوئی نوشته شده است. همان  پرویز دوایی میباشد ولی برای تغییر ندادن داده ها حذف نشده است,"“Parviz Davooi” is incorrectly recorded as “Parviz Davoei”; original is Parviz Doaei, but not changed to preserve data integrity",Appendix C
TR_0473,پ‍روی‍ز ک‍ری‍م‍ی‌ن‍اص‍ری,Parviz Karimi Naseri,,,Appendix C
TR_0474,پرویز شهدی,Parviz Shahdi,,,Appendix C
TR_0475,پرویز شهیدی,Parviz Shahidi,,,Appendix C
TR_0476,گروه فرهنگی پژواک دانش,Pejvak Danesh Cultural Group,,,Appendix C
TR_0477,پیمان اسماعیلیان,Peyman Esmaeilian,,,Appendix C
TR_0478,پیمان اسماعیلیان‌خامنه,Peyman Esmaeilian Khameneh,همون پیمان اسماعیلیان است ولی برای تغییر ندادن اطلاعات حذف نشده است,Peyman Esmaeiliyan is the same as Peyman Esmaeilian (no correction applied),Appendix C
TR_0479,پیمان خاکسار,Peyman Khaksar,,,Appendix C
TR_0480,پیمان صارمی,Peyman Saremi,جداکردن پیمان صارمی و الهام حق‌پرست,Separate Peyman Sarami and Elham Haghparast,Appendix C
TR_0481,پوپک تربتی,Popak Torbati,جداکردن لیلا تربتی و پوپک تربتی,Separate Leila Torbati and Poopak Torbati,Appendix C
TR_0482,راحله اخوی‌زادگان,Raheleh Akhavizadegan,,,Appendix C
TR_0483,راحله زمانی,Raheleh Zamani,,,Appendix C
TR_0484,رحیم قاسمیان,Rahim Ghasemian,,,Appendix C
TR_0485,رش‍ا خ‍ال‍د ح‍داد,Rasha Khaled Haddad,,,Appendix C
TR_0486,راضیه ابراهیمی,Razieh Ebrahimi,,,Appendix C
TR_0487,راضیه خوشنود,Razieh Khoshnoud,,,Appendix C
TR_0488,راضیه پورفرامرز,Razieh Pourfaramarz,,,Appendix C
TR_0489,ریحانه عظیمی,Reyhaneh Azimi,,,Appendix C
TR_0490,رض‍ا ع‍ل‍ی‍زاده,Reza Alizadeh,,,Appendix C
TR_0491,رضا دهقان,Reza Dehghan,,,Appendix C
TR_0492,رضا اسکندری,Reza Eskandari,,,Appendix C
TR_0493,رضا اسکندری آذر,Reza Eskandari Azar,,,Appendix C
TR_0494,رضا فرهادی,Reza Farhadi,,,Appendix C
TR_0495,رضا قربانی,Reza Ghorbani,,,Appendix C
TR_0496,رضی هیرمندی,Razi Hirmandi,رضی خدادادی کپی رضی هیرمندی هست ولی برای تغییر ندادن اطلاعات حذف نشده است.,Razi Khodadadi is a duplicate of Razieh Hirmandi; kept unchanged to avoid modification,Appendix C
TR_0497,رض‍ی‌ خ‍دادادی‌ (ه‍ی‍رم‍ن‍دی‌),Razi Khodadadi (Hirmandi),رضی خدادادی کپی رضی هیرمندی هست ولی برای تغییر ندادن اطلاعات حذف نشده است.,Razi Khodadadi is a duplicate of Razieh Hirmandi; kept unchanged to avoid modification,Appendix C
TR_0498,رضا کیامحمدی,Reza Kiamohammadi,,,Appendix C
TR_0499,رضا مرتضوی,Reza Mortazavi,,,Appendix C
TR_0500,رضا موسوی,Reza Mousavi,,,Appendix C
TR_0501,ريتو بحری,Ritu Bahri,,,Appendix C
TR_0502,رباب پورعسگر,Robab Pourasgar,,,Appendix C
TR_0503,روشنک داریوش,Roshanak Daryoush,,,Appendix C
TR_0504,روشنک شرفی‌زاد,Roshanak Sharafizad,,,Appendix C
TR_0505,روژان بلوری,Rozhan Bolouri,,,Appendix C
TR_0506,رکسانا شیرزادی,Roxana Shirzadi,,,Appendix C
TR_0507,رویا گیلانی,Roya Gilani,,,Appendix C
TR_0508,رویا خادم‌الرضا,Roya Khademolreza,,,Appendix C
TR_0509,رویا صهبایی,Roya Sahbaei,,,Appendix C
TR_0510,س‍ب‍ا ب‍اب‍ائ‍ی‌,Saba Babaei,,,Appendix C
TR_0511,صادق هدایت,Sadegh Hedayat,جداکردن صادق هدایت و حسن قائمیان,Separate Sadegh Hedayat and Hassan Ghaemian,Appendix C
TR_0512,سعید بافندی,Saeed Bafandi,,,Appendix C
TR_0513,سعید بهروزی,Saeed Behrouzi,,,Appendix C
TR_0514,سعید کبریایی,Saeed Kebriaei,,,Appendix C
TR_0515,سعید رازقی,Saeed Razeghi,,,Appendix C
TR_0516,سعید سیمرغ,Saeed Simorgh,,,Appendix C
TR_0517,سعيد رزازيان,Saeed Razazian,,,Appendix C
TR_0518,سعیدا زندیان,Saeeda Zandian,,,Appendix C
TR_0519,سعیده کاظمیان,Saeedeh Kazemian,,,Appendix C
TR_0520,گروه مترجمان سفیر,Safir Translators Group,,,Appendix C
TR_0521,س‍اغ‍ر ص‍ادق‍ی‍ان‌,Saghar Sadeghian,,,Appendix C
TR_0522,سحر جراحی,Sahar Jarrahi,,,Appendix C
TR_0523,سحر کاوه,Sahar Kaveh,,,Appendix C
TR_0524,سحر خطیبی,Sahar Khatibi,,,Appendix C
TR_0525,ص‍ال‍ح‌ ح‍س‍ی‍ن‍ی‌,Saleh Hosseini,,,Appendix C
TR_0526,سلمان ثابت,Salman Sabet,,,Appendix C
TR_0527,سلماز بهگام,Solmaz Behgam,,,Appendix C
TR_0528,سما قرایی,Sama Gharaei,,,Appendix C
TR_0529,سمانه امین‌پور,Samaneh Aminpour,,,Appendix C
TR_0530,سمیرا ستودگان,Samira Sotoudegan,جداکردن سمیرا ستودگان و صدیقه رستمی و آیلار کشاورز,"Separate Samira Sotoudegan, Sedigheh Rostami, and Aylin Kashavarz",Appendix C
TR_0531,ساناز میرزایی,Sanaz Mirzaei,,,Appendix C
TR_0532,سارا قدیانی,Sara Ghadiani,,,Appendix C
TR_0533,سارا رجائی‌فر,Sara Rajaeifar,,,Appendix C
TR_0534,سارا سهی,Sara Sahi,,,Appendix C
TR_0535,سارا صفاتی,Sara Sefati,جداکردن فرهاد ارکانی و سارا صفاتی,Separate Farhad Arkani and Sara Sefati,Appendix C
TR_0536,سارا زرگر,Sara Zargar,,,Appendix C
TR_0537,ساره پدرام,Sareh Pedram,,,Appendix C
TR_0538,ساسان گلفر,Sasan Golfar,,,Appendix C
TR_0539,ساسان م. ک. عاصی,Sasan M. K. Asi,,,Appendix C
TR_0540,ص‍دی‍ق‍ه‌ اب‍راه‍ی‍م‍ی‌‌(ف‍خ‍ار),Sedigheh Ebrahimi (Fakhar),,,Appendix C
TR_0541,صدیقه رستمی,Sedigheh Rostami,جداکردن سمیرا ستودگان و صدیقه رستمی و آیلار کشاورز,"Separate Samira Sotoudegan, Sedigheh Rostami, and Aylin Kashavarz",Appendix C
TR_0542,س‍پ‍ه‍ر ح‍اج‍ت‍ی,Sepehr Hajati,,,Appendix C
TR_0543,سپهر سهیل,Sepehr Soheil,,,Appendix C
TR_0544,سپهری‌نیک,Sepehrinik,,,Appendix C
TR_0545,س‍پ‍ی‍ده‌ ع‍ن‍دل‍ی‍ب‌,Sepideh Andalib,,,Appendix C
TR_0546,سپیده حبیبی,Sepideh Habibi,,,Appendix C
TR_0547,ستاره بابایی,Setareh Babaei,,,Appendix C
TR_0548,ستاره یغمایی,Setareh Yaghmaei,,,Appendix C
TR_0549,سید امین حسینیون,Seyed Amin Hosseinion,,,Appendix C
TR_0550,سیدعمادالدین خاتمی,Seyed Emadoddin Khatami,,,Appendix C
TR_0551,سیدمهیار فروتن‌فر,Seyed Mahyar Foroutanfar,,,Appendix C
TR_0552,سید مصطفی رضیئی,Seyed Mostafa Raziei,,,Appendix C
TR_0553,سيدسجاد حامدحيدری,Seyed Sajjad Hamed-Heydari,,,Appendix C
TR_0554,سیده‌مرضیه محسنی,Seyedeh Marzieh Mohseni,,,Appendix C
TR_0555,سیران شریفی,Seyran Sharifi,,,Appendix C
TR_0556,شبنم حیدری‌پور,Shabnam Heydaripour,,,Appendix C
TR_0557,شبنم سعادت,Shabnam Saadat,,,Appendix C
TR_0558,شبنم سپهر,Shabnam Sepehr,,,Appendix C
TR_0559,شادی سلطان‌زاده,Shadi Soltanzadeh,,,Appendix C
TR_0560,ش‍ق‍ای‍ق‌ ق‍ن‍ده‍اری‌,Shaghayegh Ghandehari,,,Appendix C
TR_0561,شقایق حسینی,Shaghayegh Hosseini,,,Appendix C
TR_0562,شقایق خوش‌نشین,Shaghayegh Khoshneshin,,,Appendix C
TR_0563,شهاب‌الدین عباسی,Shahaboddin Abbasi,,,Appendix C
TR_0564,شهاب‌الدین رستمی,Shahaboddin Rostami,,,Appendix C
TR_0565,ش‍اه‍ده‌ س‍ع‍ی‍دی,Shahedeh Saeidi,,,Appendix C
TR_0566,شهین احمدی,Shahin Ahmadi,,,Appendix C
TR_0567,ش‍ه‍لا ع‍ل‍وی‌,Shahla Alavi,,,Appendix C
TR_0568,شهلا انسانی,Shahla Ensani,,,Appendix C
TR_0569,شهلا انتظاریان,Shahla Entezarian,,,Appendix C
TR_0570,شهلا طهماسبی,Shahla Tahmasebi,,,Appendix C
TR_0571,ش‍ه‍ن‍از ان‍وش‍ی‍روان‍ی,Shahnaz Anoushiravani,,,Appendix C
TR_0572,شهناز کمیلی‌زاده,Shahnaz Komeilizadeh,,,Appendix C
TR_0573,شهناز مجیدی,Shahnaz Majidi,,,Appendix C
TR_0574,شهناز صاعلی,Shahnaz Sa-ali,,,Appendix C
TR_0575,ش‍ه‍رام‌ رج‍ب‌زاده‌,Shahram Rajabzadeh,,,Appendix C
TR_0576,شهریار وقفی‌پور,Shahriar Vaghfipour,,,Appendix C
TR_0577,ش‍ه‍رن‍وش‌ پ‍ارس‍ی‌پ‍ور,Shahrnush Parsipur,,,Appendix C
TR_0578,ش‍اه‍رخ‌ ب‍ه‍ار,Shahrokh Bahar,جداکردن ش‍اه‍رخ‌ ب‍ه‍ار و م‍ه‍رزاد م‍ل‍ک‍ان‌,Separate Shahrokh Bahar and Mehrzad Malkan,Appendix C
TR_0579,شهزاد رحمتی,Shahzad Rahmati,,,Appendix C
TR_0580,شکیبا محبعلی,Shakiba Mohebbali,,,Appendix C
TR_0581,شراره صدیق,Sharareh Sedigh,,,Appendix C
TR_0582,شیدا رنجبر,Sheida Ranjbar,,,Appendix C
TR_0583,شیما صفدری,Shima Safdari,,,Appendix C
TR_0584,ش‍ی‍ری‍ن‌ ب‍ن‍ی‌اح‍م‍د,Shirin Bani-Ahmad,,,Appendix C
TR_0585,شیرین سلیمانی,Shirin Soleimani,,,Appendix C
TR_0586,شیوا نورپناه,Shiva Nourpanah,,,Appendix C
TR_0587,شهره نور‌صالحی,Shohreh Noursalehi,,,Appendix C
TR_0588,شهره شاهین‌فر,Shohreh Shahinfar,,,Appendix C
TR_0589,ش‍ج‍اع‌ال‍دی‍ن‌ ش‍ف‍ا,Shojaeddin Shafa,,,Appendix C
TR_0590,شکوفه اخوان,Shokoufeh Akhavan,,,Appendix C
TR_0591,سيامک دشتی,Siamak Dashti,,,Appendix C
TR_0592,سیامک گلشیری,Siamak Golshiri,,,Appendix C
TR_0593,سیامک روشنی,Siamak Roshani,,,Appendix C
TR_0594,سیاوش صمیمی‌فرد,Siavash Samimifard,,,Appendix C
TR_0595,سیمین دانشور,Simin Daneshvar,,,Appendix C
TR_0596,سینا طاوسی‌مسرور,Sina Tavousi Masrour,,,Appendix C
TR_0597,سوگند رجبی‌نسب,Sogand Rajabi-Nasab,,,Appendix C
TR_0598,سهیلا اله‌دوستی,Soheila Alahdousti,سهیلا الله‌دوستی کپی سهیلا اله‌دوستی است ولی برای تغییر ندادن اطلاعات حذف نشده است.,Soheila Allahdoosti is a duplicate of Soheila Elahdoosti; not modified,Appendix C
TR_0599,سهیلا الله‌دوستی,Soheila Allahdousti,سهیلا الله‌دوستی کپی سهیلا اله‌دوستی است ولی برای تغییر ندادن اطلاعات حذف نشده است.,Soheila Allahdoosti is a duplicate of Soheila Elahdoosti; not modified,Appendix C
TR_0600,سهیلا دوستی,Soheila Dousti,جداکردن آرزو فلاحت و سهیلا دوستی با ورژن تکی,Separate Arezou Falahat and Soheila Doosti (single-entry version),Appendix C
TR_0601,سهیلا فرزین‌نژاد,Soheila Farzinnejad,,,Appendix C
TR_0602,سولماز حیدری,Solmaz Heydari,,,Appendix C
TR_0603,سمیه گنجی,Somayeh Ganji,,,Appendix C
TR_0604,سمیه روحی,Somayeh Rouhi,,,Appendix C
TR_0605,ثریا حشمت‌شعار,Soraya Heshmat-Shoar,,,Appendix C
TR_0606,سروش خاوری,Soroush Khavari,,,Appendix C
TR_0607,سودابه مرادنیا,Soudabeh Moradnia,جداکردن کاملیا داوودی و سودابه مرادنیا,Separate Kamalia Davoudi and Soodeh Maradnia,Appendix C
TR_0608,س‍وداب‍ه‌ پ‍رت‍وی‌,Soudabeh Partovi,,,Appendix C
TR_0609,سودابه رودباری,Soudabeh Roudbari,,,Appendix C
TR_0610,سوده کریمی,Soudeh Karimi,,,Appendix C
TR_0611,ت‍ب‍س‍م‌ آت‍ش‍ی‍ن‌ج‍ان,Tabassom Atashinjan,,,Appendix C
TR_0612,طه‌ ع‍زی‍زی‌,Taha Azizi,,,Appendix C
TR_0613,طاهره آدینه‌پور,Tahereh Adinehpour,,,Appendix C
TR_0614,طاهره نجیب‌منش,Tahereh Najibmanesh,,,Appendix C
TR_0615,طاهره صدیقیان,Tahereh Sedighian,,,Appendix C
TR_0616,طهورا آیتی,Tahoura Ayati,,,Appendix C
TR_0617,تارا مهرابی,Tara Mehrabi,,,Appendix C
TR_0618,تینا فلاحتی‌نوین,Tina Falahati Novin,,,Appendix C
TR_0619,تورج کمری,Touraj Kamari,,,Appendix C
TR_0620,ت‍وران‍دخ‍ت‌ ت‍م‍دن‌,Tourandokht Tamadon,,,Appendix C
TR_0621,وحید امیری,Vahid Amiri,,,Appendix C
TR_0622,وحید جعفری‌منصوریان,Vahid Jafari Mansourian,,,Appendix C
TR_0623,وحيده نوروززاده‌چگينی,Vahideh Norouzadeh Chegini,,,Appendix C
TR_0624,ونداد جلیلی,Vandad Jalili,,,Appendix C
TR_0625,ویدا اسلامیه,Vida Eslamiyeh,,,Appendix C
TR_0626,یحیی آذرنوش,Yahya Azarnoush,,,Appendix C
TR_0627,یحیی کوروشی,Yahya Kouroshi,,,Appendix C
TR_0628,یاسمن میرزاپور,Yasaman Mirzapour,,,Appendix C
TR_0629,یاسین محمدی,Yasin Mohammadi,,,Appendix C
TR_0630,ی‍زدان‌ خ‍داب‍ن‍ده‌,Yazdan Khodabandeh,,,Appendix C
TR_0631,یوسف قنبر,Yousef Ghanbar,,,Appendix C
TR_0632,یوسف نجفی,Yousef Najafi,,,Appendix C
TR_0633,ذب‍ی‍ح‌ال‍ل‍ه‌ ب‍داغ‍ی‌,Zabihollah Badaghi,,,Appendix C
TR_0634,زهرا(مرجان) سلیمان,Zahra (Marjan) Soleiman,,,Appendix C
TR_0635,زهرا امرایی,Zahra Amraei,,,Appendix C
TR_0636,زهرا بهرامی,Zahra Bahrami,,,Appendix C
TR_0637,زهرا فشاهی,Zahra Fashahi,,,Appendix C
TR_0638,زهرا غفاری‌داریان,Zahra Ghafari-Darian,,,Appendix C
TR_0639,زهرا حبيبی,Zahra Habibi,,,Appendix C
TR_0640,زهرا هدایتی,Zahra Hedayati,,,Appendix C
TR_0641,زهرا جلال‌زاده,Zahra Jalalzadeh,,,Appendix C
TR_0642,زهرا کمالی,Zahra Kamali,,,Appendix C
TR_0643,زهرا معین‌الدینی,Zahra Moeinoddini,جداکردن علی عبداللهی و زهرا معین‌الدینی,Separate Ali Abdollahi and Zahra Moeinoddini,Appendix C
TR_0644,زهرا نی‌چین,Zahra Neichin,,,Appendix C
TR_0645,زهرا رحیمی,Zahra Rahimi,,,Appendix C
TR_0646,زهرا شمس‌پرتو,Zahra Shamsparto,,,Appendix C
TR_0647,زری مقدم,Zari Moghadam,,,Appendix C
TR_0648,ژاله فراهانی,Zhaleh Farahani,,,Appendix C
TR_0649,ژیلا بهمن,Zhila Bahman,,,Appendix C
TR_0650,زهره قلی‌پور,Zohreh Gholipour,,,Appendix C
TR_0651,زهره حق‌بین,Zohreh Haghbin,,,Appendix C
TR_0652,زه‍ره‌ خ‍داپ‍رس‍ت‌,Zohreh Khodaparast,,,Appendix C
TR_0653,زهره مستی,Zohreh Masti,,,Appendix C